rank,name,symbol,current_price_usd,market_cap_usd,total_volume_usd,high_24h_usd,low_24h_usd,price_change_24h,circulating_supply,ath_usd,fetched_at
1,Bitcoin,BTC,77905,1559666654209,49215185476,79389,77205,0.91,20019503.0,126080,23-04-2026 08:17:45
2,Ethereum,ETH,2351.45,283794017554,22471356264,2420.19,2347.85,-0.37,120689322.8558153,4946.05,23-04-2026 08:17:45
3,Tether,USDT,1.0,188849301584,80487009449,1.0,0.999951,0.01,188805943234.3006,1.32,23-04-2026 08:17:45
4,XRP,XRP,1.42,87287552508,2507563173,1.46,1.42,-2.03,61569680267.0,3.65,23-04-2026 08:17:45
5,BNB,BNB,634.81,85555584480,1313693565,652.07,635.09,-0.65,134786469.09,1369.99,23-04-2026 08:17:45
6,USDC,USDC,0.999761,78332955252,18089813242,0.999942,0.999349,-0.0,78350440406.90208,1.043,23-04-2026 08:17:45
7,Solana,SOL,85.9,49421263668,4335384050,89.24,85.84,-1.79,575613045.81473,293.31,23-04-2026 08:17:45
8,TRON,TRX,0.329149,31196474738,636521867,0.335131,0.328175,-1.09,94779401387.9225,0.431288,23-04-2026 08:17:45
9,Figure Heloc,FIGR_HELOC,1.036,17606412621,103548855,1.036,1.021,0.18,16993907992.767,1.049,23-04-2026 08:17:45
10,Dogecoin,DOGE,0.095895,14762337852,1672061561,0.098336,0.09562,-0.41,153942846383.7052,0.731578,23-04-2026 08:17:45
11,WhiteBIT Coin,WBT,55.32,11801027228,107415675,56.72,55.27,0.08,213418274.0,64.11,23-04-2026 08:17:45
12,USDS,USDS,0.999686,10847724848,10276296,1.001,0.999426,-0.01,10851200608.22491,1.15,23-04-2026 08:17:45
13,Hyperliquid,HYPE,40.87,9741843365,333784466,41.68,40.02,1.29,238385315.9541414,59.3,23-04-2026 08:17:45
14,LEO Token,LEO,10.28,9464537919,630990,10.39,10.13,-0.93,920782987.9,10.39,23-04-2026 08:17:45
15,Bitcoin Cash,BCH,456.32,9137767961,263110138,473.41,451.22,0.83,20024787.39665078,3785.82,23-04-2026 08:17:45
16,Cardano,ADA,0.246301,9103643576,425888402,0.257076,0.246275,-3.0,36961467409.57048,3.09,23-04-2026 08:17:45
17,Chainlink,LINK,9.19,6679947085,309982537,9.54,9.18,-3.31,727099970.4523476,52.7,23-04-2026 08:17:45
18,Monero,XMR,362.04,6678381120,168445904,389.34,361.53,-6.55,18446744.07370955,797.73,23-04-2026 08:17:45
19,MemeCore,M,4.58,5913076144,20989993,4.64,4.18,4.29,1293290532.648466,4.65,23-04-2026 08:17:45
20,Stellar,XLM,0.176214,5863904106,117669197,0.182229,0.176138,-2.04,33277829327.88986,0.875563,23-04-2026 08:17:45
21,Canton,CC,0.152109,5845296899,9887265,0.154776,0.150774,0.26,38368700616.38747,0.194152,23-04-2026 08:17:45
22,Zcash,ZEC,314.51,5242466399,274318994,330.4,313.7,-0.89,16668787.6655448,3191.93,23-04-2026 08:17:45
23,Dai,DAI,0.999616,4416138740,307166287,0.999873,0.999493,-0.01,4417767481.885632,1.22,23-04-2026 08:17:45
24,USD1,USD1,1.0,4273788102,1756164512,1.001,0.999378,0.02,4273161291.84195,1.025,23-04-2026 08:17:45
25,Ethena USDe,USDE,0.999312,4273146144,434146343,0.999502,0.998965,0.01,4276240173.995295,1.034,23-04-2026 08:17:45
26,Litecoin,LTC,55.18,4253633902,353920457,56.49,55.18,-1.47,77084876.98347135,410.26,23-04-2026 08:17:45
27,Avalanche,AVAX,9.29,4009621804,265660234,9.66,9.29,-2.93,431771961.1772119,144.96,23-04-2026 08:17:45
28,Hedera,HBAR,0.090475,3916970575,90566873,0.09333,0.090395,-0.51,43323141652.14854,0.569229,23-04-2026 08:17:45
29,Sui,SUI,0.934191,3691965332,379641933,0.975497,0.933938,-2.75,3953388932.071221,5.35,23-04-2026 08:17:45
30,Rain,RAIN,0.00762914,3648647086,12611960,0.00791513,0.00762684,-2.61,478368256505.4277,0.01090099,23-04-2026 08:17:45
31,PayPal USD,PYUSD,0.999984,3609435962,193302483,1.0,0.9996,0.02,3610261857.525049,1.081,23-04-2026 08:17:45
32,Shiba Inu,SHIB,6.06e-06,3571045972,113074487,6.28e-06,6.06e-06,-1.69,589243440478117.0,8.616e-05,23-04-2026 08:17:45
33,Toncoin,TON,1.35,3359410933,101725000,1.38,1.35,-1.61,2491237996.878272,8.25,23-04-2026 08:17:45
34,Cronos,CRO,0.069537,3026830855,10086757,0.071068,0.069534,-1.19,43540803786.37464,0.891544,23-04-2026 08:17:45
35,Circle USYC,USYC,1.12,2923134899,336931,1.12,1.12,0.01,2602576851.557499,1.12,23-04-2026 08:17:45
36,Tether Gold,XAUT,4688.49,2627472448,146429124,4756.06,4689.97,-1.11,559898.736688,5504.62,23-04-2026 08:17:45
37,BlackRock USD Institutional Digital Liquidity Fund,BUIDL,1.0,2494101112,0.0,1.0,1.0,0.0,2494101111.560448,1.0,23-04-2026 08:17:45
38,World Liberty Financial,WLFI,0.07706,2447586433,50948170,0.080188,0.077013,-2.57,31765824190.0,0.331336,23-04-2026 08:17:45
39,Global Dollar,USDG,0.9998,2324255756,45401704,1.0,0.999625,-0.0,2324721879.765044,1.65,23-04-2026 08:17:45
40,Bittensor,TAO,241.88,2319103694,158539881,249.18,241.66,-1.69,9597491.0,757.6,23-04-2026 08:17:45
41,PAX Gold,PAXG,4692.53,2283982624,168120303,4757.56,4695.75,-1.04,486380.797,5619.09,23-04-2026 08:17:45
42,Polkadot,DOT,1.26,2113986381,153875769,1.32,1.26,-2.58,1680427998.048684,54.98,23-04-2026 08:17:45
43,Mantle,MNT,0.636964,2087839321,102231984,0.652366,0.63097,0.33,3277944055.53684,2.86,23-04-2026 08:17:45
44,Uniswap,UNI,3.27,2070138371,164985558,3.43,3.27,-1.73,633561603.6037512,44.92,23-04-2026 08:17:45
45,Sky,SKY,0.08243,1912038398,28625348,0.086462,0.08091,1.79,23200375342.455498,0.100535,23-04-2026 08:17:45
46,NEAR Protocol,NEAR,1.39,1796098144,150868453,1.43,1.39,-0.64,1293579764.0,20.44,23-04-2026 08:17:45
47,Falcon USD,USDF,0.996971,1784626171,1312977,0.998679,0.995915,-0.05,1789988357.04942,1.075,23-04-2026 08:17:45
48,OKB,OKB,83.38,1749941560,18367561,85.56,83.33,-1.02,21000000.0,228.74,23-04-2026 08:17:45
49,Pi Network,PI,0.168211,1723361054,12548483,0.170537,0.167739,-0.57,10243798504.18153,2.99,23-04-2026 08:17:45
50,HTX DAO,HTX,1.83e-06,1655709555,8145258,1.84e-06,1.82e-06,-0.36,905707664073577.8,3.75e-06,23-04-2026 08:17:45
